PLR_NAME,BEZ_NAME,rang_hitze,rang_gruen,rang_sozial,belastung_rang
Wriezener Bahnhof,Friedrichshain-Kreuzberg,95.2,99.8,93.0,288.0
Glasower Straße,Neukölln,91.7,92.3,98.3,282.3
Huttenkiez,Mitte,84.9,98.7,93.4,277.0
Helle Mitte,Marzahn-Hellersdorf,93.9,100.0,77.3,271.2
Schulenburgpark,Neukölln,81.0,88.0,99.8,268.8
Weiße Siedlung,Neukölln,80.1,82.7,99.6,262.4
Donaustraße,Neukölln,78.0,87.8,96.5,262.3
Heidestraße,Mitte,88.7,99.1,74.5,262.3
Kosmos Viertel,Treptow-Köpenick,82.1,93.9,85.2,261.2
Schillerpromenade Süd,Neukölln,76.2,94.1,89.5,259.8
Reinickes Hof,Reinickendorf,94.1,87.3,78.2,259.6
Schöneberger Linse,Tempelhof-Schöneberg,99.8,99.4,59.6,258.8
Rosenbecker Straße,Marzahn-Hellersdorf,84.7,91.1,80.1,255.9
Schumacher-Quartier,Reinickendorf,93.5,96.7,65.3,255.5
Paradestraße,Tempelhof-Schöneberg,99.4,98.5,54.1,252.0
Feurigstraße,Tempelhof-Schöneberg,86.9,92.8,71.6,251.3
Hauptstraße,Lichtenberg,89.3,93.4,67.7,250.4
Mehringplatz,Friedrichshain-Kreuzberg,72.3,79.3,97.8,249.4
Flughafenstraße,Neukölln,68.6,84.7,95.9,249.2
Marzahn West,Marzahn-Hellersdorf,76.6,86.5,84.1,247.2
Kölner Viertel,Treptow-Köpenick,98.3,95.4,53.3,247.0
Gesundbrunnen,Mitte,78.4,80.3,87.5,246.2
Freiheit,Spandau,77.3,88.4,80.4,246.1
Körnerstraße,Mitte,77.1,80.1,87.1,244.3
Malchower Weg,Lichtenberg,97.4,89.7,57.0,244.1
Spreestadt,Charlottenburg-Wilmersdorf,68.3,95.9,79.0,243.2
Borsigwalde,Reinickendorf,95.4,90.6,56.1,242.1
Fritz-Werner-Straße,Tempelhof-Schöneberg,91.3,86.9,63.8,242.0
Buckow Ost,Neukölln,92.4,76.8,72.3,241.5
Ganghoferstraße,Neukölln,74.9,76.2,90.2,241.3
Marienfelde Nordost,Tempelhof-Schöneberg,96.1,95.8,49.1,241.0
Beusselkiez,Mitte,71.6,74.4,93.5,239.5
Vogelviertel Nord,Neukölln,95.8,84.3,58.3,238.4
Frauenviertel,Neukölln,92.3,96.1,49.6,238.0
Scharnweberstraße,Reinickendorf,84.3,68.6,84.7,237.6
Am Berlin Museum,Friedrichshain-Kreuzberg,69.4,69.9,98.0,237.3
Alt-Rudow,Neukölln,97.2,89.1,50.9,237.2
Westliche Müllerstraße,Mitte,76.8,74.5,84.3,235.6
Velodrom,Pankow,86.2,91.0,57.9,235.1
Karow Nord,Pankow,94.8,95.0,43.2,233.0
Borkumer Straße,Spandau,85.1,87.1,60.5,232.7
Richard-Wagner-Straße,Charlottenburg-Wilmersdorf,81.2,81.2,69.9,232.3
Alt-Marzahn,Marzahn-Hellersdorf,93.7,83.2,55.0,231.9
Gewerbegebiet Bitterfelder Straße,Marzahn-Hellersdorf,71.0,69.2,91.5,231.7
Alt-Rixdorf,Neukölln,73.1,68.1,90.4,231.6
Maulbeerallee,Spandau,68.8,63.3,99.4,231.5
Stralauer Kiez,Friedrichshain-Kreuzberg,89.1,97.8,44.5,231.4
Wilhelmstadt West,Spandau,81.5,72.9,75.6,230.0
Vogelviertel Süd,Neukölln,93.4,83.0,53.0,229.4
Humboldthain Nordwest,Mitte,61.1,71.0,97.2,229.3
Zossener Straße,Marzahn-Hellersdorf,53.7,81.5,93.9,229.1
Spandauer Straße,Spandau,92.1,85.1,51.8,229.0
Bornitzstraße,Lichtenberg,93.2,94.5,40.6,228.3
Jahnstraße,Neukölln,62.2,73.8,92.1,228.1
Töpchiner Weg,Tempelhof-Schöneberg,99.1,88.2,39.9,227.2
Griechischer Park,Treptow-Köpenick,70.3,92.4,64.4,227.1
Hohenfriedbergstraße,Tempelhof-Schöneberg,77.5,89.9,59.4,226.8
Kyritzer Straße,Marzahn-Hellersdorf,70.8,82.3,73.6,226.7
Buckow Mitte,Neukölln,87.6,79.0,60.1,226.7
Landschaftspark Adlershof,Treptow-Köpenick,98.0,98.2,30.1,226.3
Ortolanweg,Neukölln,55.5,77.5,92.3,225.3
Staakener Straße,Spandau,98.5,93.5,33.2,225.2
An der Kappe,Spandau,91.9,83.9,49.3,225.1
Traveplatz,Friedrichshain-Kreuzberg,87.1,85.2,52.6,224.9
Neue Grottkauer Straße,Marzahn-Hellersdorf,63.3,76.4,85.1,224.8
Treptower Straße Nord,Neukölln,65.3,60.7,98.7,224.7
Samariterviertel,Friedrichshain-Kreuzberg,85.2,96.9,42.4,224.5
Lützowstraße,Mitte,69.9,71.2,82.8,223.9
Eiswerder,Spandau,43.2,93.7,86.9,223.8
Ernst-Reuter-Platz,Charlottenburg-Wilmersdorf,66.4,81.9,75.3,223.6
Leopoldplatz,Mitte,56.6,69.6,97.4,223.6
Schorfheidestraße,Reinickendorf,99.3,86.3,36.9,222.5
Rathaus Weißensee,Pankow,88.9,76.9,56.6,222.4
Wilhelmstraße,Mitte,88.6,98.9,34.1,221.6
Mohriner Allee Nord,Neukölln,89.9,84.1,47.4,221.4
John-Locke-Straße,Tempelhof-Schöneberg,87.5,62.7,71.0,221.2
Alexanderplatzviertel,Mitte,84.1,97.6,39.3,221.0
Frobenstraße,Tempelhof-Schöneberg,66.1,66.6,88.2,220.9
Leipziger Straße,Mitte,87.3,98.0,35.4,220.7
Rummelsburg,Lichtenberg,85.8,97.4,37.3,220.5
Große-Leege-Straße,Lichtenberg,91.5,75.5,53.5,220.5
Cheruskerstraße,Tempelhof-Schöneberg,77.7,83.6,59.2,220.5
Victoriastadt,Lichtenberg,73.6,90.0,55.7,219.3
Diedersdorfer Weg,Tempelhof-Schöneberg,74.4,70.8,74.0,219.2
Mertensstraße,Spandau,72.7,89.3,56.8,218.8
Frankfurter Allee Süd,Lichtenberg,80.4,69.7,68.6,218.7
Krugpfuhl,Pankow,98.7,96.5,22.7,217.9
Breitscheidplatz,Charlottenburg-Wilmersdorf,86.0,95.2,36.7,217.9
Königin-Elisabeth-Straße,Charlottenburg-Wilmersdorf,78.2,94.6,45.0,217.8
Marzahner Chaussee,Marzahn-Hellersdorf,83.4,88.7,45.4,217.5
Karl-August-Platz,Charlottenburg-Wilmersdorf,79.7,81.4,55.5,216.6
Havelländer Ring,Marzahn-Hellersdorf,69.2,73.6,73.8,216.6
Marienfelder Allee Nordwest,Tempelhof-Schöneberg,85.6,54.8,76.2,216.6
Behaimstraße,Pankow,90.6,77.7,48.2,216.5
Buckow West,Neukölln,95.6,74.2,46.3,216.1
Julius-Leber-Brücke,Tempelhof-Schöneberg,72.5,71.6,72.0,216.1
Goldhähnchenweg,Neukölln,77.9,67.2,70.1,215.2
Ringstraße,Tempelhof-Schöneberg,69.7,77.1,67.9,214.7
Kaiserin-Augusta-Allee,Charlottenburg-Wilmersdorf,58.9,94.3,60.9,214.1
Cecilienplatz,Marzahn-Hellersdorf,74.7,80.4,58.5,213.6
Brunnenstraße,Mitte,58.7,60.5,93.7,212.9
Kalckreuthstraße,Tempelhof-Schöneberg,67.2,56.5,88.0,211.7
Dorf Falkenberg,Lichtenberg,96.3,96.3,18.8,211.4
Germersheimer Platz,Spandau,72.0,54.2,84.9,211.1
Nisbléstraße,Pankow,98.9,88.6,22.9,210.4
Klixstraße,Reinickendorf,63.5,55.0,91.7,210.2
Sparrplatz,Mitte,63.1,58.1,87.8,209.0
Pankower Tor,Pankow,86.7,91.5,30.4,208.6
Am Heideberg,Spandau,97.8,85.8,24.9,208.5
Wittenbergplatz,Tempelhof-Schöneberg,73.4,65.9,69.2,208.5
Wittenberger Straße,Marzahn-Hellersdorf,57.4,70.7,80.3,208.4
Gontermannstraße,Tempelhof-Schöneberg,78.6,75.3,54.2,208.1
Adele-Sandrock-Straße,Marzahn-Hellersdorf,74.2,83.8,49.8,207.8
Weißenseer Spitze,Pankow,88.0,75.8,43.9,207.7
Alter Schlachthof,Pankow,100.0,99.6,8.1,207.7
Germaniagarten,Tempelhof-Schöneberg,48.5,65.3,93.2,207.0
Rollbergesiedlung,Reinickendorf,60.1,48.2,98.5,206.8
Reichenberger Straße West,Friedrichshain-Kreuzberg,60.3,62.0,83.4,205.7
Alt-Bohnsdorf,Treptow-Köpenick,96.7,93.2,15.7,205.6
Lea-Grundig-Straße,Marzahn-Hellersdorf,76.0,61.8,66.8,204.6
TXL,Reinickendorf,83.6,86.7,34.3,204.6
Heinersdorf,Pankow,93.0,85.4,26.0,204.4
Emdener Straße,Mitte,68.1,59.2,77.1,204.4
Eisenzahnstraße,Charlottenburg-Wilmersdorf,82.8,76.0,45.2,204.0
Koloniestraße,Mitte,56.8,52.4,94.5,203.7
Malmöer Straße,Pankow,73.8,97.0,32.8,203.6
Altstadt Köpenick,Treptow-Köpenick,45.6,84.9,72.9,203.4
Roedeliusplatz,Lichtenberg,82.5,79.9,41.0,203.4
Güterbahnhof Grunewald,Charlottenburg-Wilmersdorf,89.7,90.4,22.5,202.6
Rollberg,Neukölln,42.1,60.9,99.1,202.1
Zittauer Straße,Neukölln,95.9,86.0,20.1,202.0
Rathaus Tempelhof,Tempelhof-Schöneberg,66.6,73.1,62.2,201.9
Eckschanze,Spandau,61.3,56.3,83.8,201.4
Lübarser Straße,Reinickendorf,88.2,75.1,38.0,201.3
Boulevard Kastanienallee,Marzahn-Hellersdorf,53.1,61.4,86.5,201.0
Gethsemanekirche,Pankow,71.4,90.8,38.4,200.6
Wartenberg Süd,Lichtenberg,47.0,78.6,74.7,200.3
Senefelderstraße,Pankow,70.1,91.3,38.7,200.1
Blumenviertel,Neukölln,97.6,84.5,17.9,200.0
Wittekindstraße,Tempelhof-Schöneberg,75.8,66.2,57.4,199.4
Hausburgviertel,Friedrichshain-Kreuzberg,69.6,86.2,43.4,199.2
Unter den Linden,Mitte,85.4,99.3,14.2,198.9
Oranienburger Straße,Mitte,80.8,92.6,25.1,198.5
Klausenerplatz,Charlottenburg-Wilmersdorf,57.2,62.5,78.8,198.5
Dörpfeldstraße West,Treptow-Köpenick,82.7,68.8,46.9,198.4
Uferstraße,Mitte,60.5,42.1,95.4,198.0
Drontheimer Straße,Mitte,51.1,52.2,94.6,197.9
Weiße Taube,Lichtenberg,98.2,95.6,4.1,197.9
Wista,Treptow-Köpenick,92.8,98.3,6.3,197.4
Eddastraße,Pankow,91.1,82.5,23.1,196.7
Gartenfelder Straße,Spandau,67.0,46.7,82.7,196.4
Waltersdorfer Chaussee Ost,Neukölln,80.3,71.8,44.3,196.4
Mahlsdorf Nord,Marzahn-Hellersdorf,99.6,88.9,7.6,196.1
Ostseestraße,Pankow,78.8,71.4,44.6,194.8
Wartenberg Nord,Lichtenberg,45.4,78.0,71.4,194.8
Gut Hellersdorf,Marzahn-Hellersdorf,55.9,65.1,73.4,194.4
Schwedenstraße,Mitte,47.8,51.3,95.0,194.1
Braunschweiger Straße,Neukölln,49.8,53.0,90.6,193.4
Lausitzer Platz,Friedrichshain-Kreuzberg,51.8,53.1,88.4,193.3
Hertzbergplatz,Neukölln,37.8,68.5,86.7,193.0
Ackerstraße,Spandau,59.4,52.0,80.8,192.2
Letteplatz,Reinickendorf,71.2,37.8,83.0,192.0
Bärenstein,Marzahn-Hellersdorf,70.7,66.1,54.4,191.2
Askanischer Platz,Friedrichshain-Kreuzberg,39.1,53.7,98.2,191.0
Schloßstraße,Charlottenburg-Wilmersdorf,67.7,76.6,46.7,191.0
Wuhletalstraße,Marzahn-Hellersdorf,46.7,64.8,79.3,190.8
Antonstraße,Mitte,48.2,47.4,95.2,190.8
Karow Ost,Pankow,94.5,91.7,4.6,190.8
Pettenkofer Straße,Friedrichshain-Kreuzberg,54.2,93.0,42.6,189.8
Blankenburger Süden,Pankow,94.3,92.1,3.0,189.4
Park am Buschkrug,Neukölln,39.3,57.4,91.9,188.6
Lübecker Straße,Mitte,48.7,47.0,92.8,188.5
Isenburger Weg,Spandau,97.0,87.5,3.7,188.2
Falkplatz,Pankow,74.0,90.2,23.8,188.0
Tempelhofer Weg,Neukölln,45.0,56.6,85.8,187.4
Köllnische Vorstadt,Treptow-Köpenick,57.6,62.9,66.4,186.9
Späthsfelde,Treptow-Köpenick,88.4,91.9,6.5,186.8
Marzahner Promenade,Marzahn-Hellersdorf,46.1,74.9,65.7,186.7
Charitéviertel,Mitte,81.7,97.2,7.7,186.6
Moritzplatz,Friedrichshain-Kreuzberg,50.6,38.9,97.0,186.5
Kaulsdorf Nord,Marzahn-Hellersdorf,96.5,78.2,11.8,186.5
Waßmannsdorfer Chaussee,Neukölln,90.0,77.3,18.6,185.9
Londoner Straße,Mitte,64.0,40.2,81.0,185.2
Westerwaldstraße,Spandau,53.3,37.1,94.8,185.2
Rathaus Yorckstraße,Friedrichshain-Kreuzberg,49.4,60.0,75.8,185.2
Auersbergstraße,Marzahn-Hellersdorf,64.6,65.7,54.8,185.1
Zwinglistraße,Mitte,43.7,54.1,87.3,185.1
Rosenfelder Ring,Lichtenberg,53.5,67.0,63.7,184.2
Alt-Kaulsdorf,Marzahn-Hellersdorf,89.5,72.3,22.0,183.8
Alt-Mahlsdorf,Marzahn-Hellersdorf,96.9,81.0,5.9,183.8
George-Grosz-Platz,Charlottenburg-Wilmersdorf,71.8,79.2,32.3,183.3
Graefekiez Süd,Friedrichshain-Kreuzberg,48.9,57.9,76.4,183.2
Kurstraße,Spandau,37.1,50.2,95.8,183.1
Dorf Altglienicke,Treptow-Köpenick,90.2,81.7,10.9,182.8
Köpenicker Straße,Friedrichshain-Kreuzberg,38.2,55.4,88.6,182.2
Am Kienberg,Marzahn-Hellersdorf,37.5,78.4,65.9,181.8
Alvenslebenstraße,Tempelhof-Schöneberg,41.9,48.3,91.3,181.5
Märchenland,Pankow,90.4,89.5,0.2,180.1
Hochmeisterplatz,Charlottenburg-Wilmersdorf,75.6,69.0,34.9,179.5
Teutoburger Platz,Pankow,76.4,82.8,19.6,178.8
Machonstraße,Tempelhof-Schöneberg,60.9,49.8,68.1,178.8
Grazer Platz,Tempelhof-Schöneberg,56.5,59.8,62.5,178.8
Arnold-Zweig-Straße,Pankow,81.4,66.4,30.8,178.6
Nordufer,Mitte,26.4,64.4,87.6,178.4
Belziger Straße,Tempelhof-Schöneberg,45.9,59.6,71.8,177.3
Nahariyastraße,Tempelhof-Schöneberg,56.1,34.7,86.0,176.8
Savignyplatz,Charlottenburg-Wilmersdorf,72.1,75.6,28.4,176.1
Oranienplatz,Friedrichshain-Kreuzberg,39.7,41.9,94.1,175.7
Johannisthal Ost,Treptow-Köpenick,82.3,63.1,30.3,175.7
Kettinger Straße,Tempelhof-Schöneberg,94.6,57.6,23.4,175.6
Maselake,Spandau,40.8,83.4,51.3,175.5
Schlangenbader Straße,Charlottenburg-Wilmersdorf,42.8,68.3,64.0,175.1
Reuterplatz,Neukölln,47.4,50.0,77.7,175.1
Massower Straße,Lichtenberg,75.1,53.9,46.1,175.1
Tegeler Weg,Charlottenburg-Wilmersdorf,44.1,63.8,66.2,174.1
Leon-Jessel-Platz,Charlottenburg-Wilmersdorf,59.2,67.3,47.6,174.1
Schulstraße,Mitte,33.8,42.6,97.6,174.0
Wilhelmsruh,Pankow,86.5,73.4,13.8,173.7
Carl-Schurz-Straße,Spandau,49.3,45.0,79.2,173.5
Friedrich-Karl-Straße,Tempelhof-Schöneberg,56.3,59.4,57.7,173.4
Lüneburger Straße,Mitte,34.3,82.1,56.5,172.9
Uhlandstraße,Pankow,83.0,72.0,17.3,172.3
Christburger Straße,Pankow,63.7,87.6,20.8,172.1
Karow Bahnhof,Pankow,87.8,79.5,4.8,172.1
Elsensee,Marzahn-Hellersdorf,84.5,85.6,1.5,171.6
Mellerbogen,Reinickendorf,67.9,39.9,63.5,171.3
Imbrosweg,Tempelhof-Schöneberg,65.7,39.7,65.5,170.9
Birnhornweg,Tempelhof-Schöneberg,95.0,63.7,12.0,170.7
Falkenberg West,Lichtenberg,33.9,65.5,71.2,170.6
Helmholtzplatz,Pankow,59.8,72.1,38.6,170.5
Weinmeisterhornweg,Spandau,80.6,51.7,37.1,169.4
Hohenschönhausener Straße,Lichtenberg,34.1,57.2,78.0,169.3
Forckenbeckplatz,Friedrichshain-Kreuzberg,61.8,64.2,42.8,168.8
Bouchéstraße,Neukölln,40.6,44.1,83.6,168.3
Bötzowstraße,Pankow,63.8,78.8,25.6,168.2
Norweger Viertel,Pankow,64.4,70.3,33.0,167.7
Maybachufer,Neukölln,34.7,55.5,77.5,167.7
Pilgramer Straße,Marzahn-Hellersdorf,91.0,74.7,1.7,167.4
Brabanter Platz,Charlottenburg-Wilmersdorf,42.3,69.4,55.4,167.1
Magistratsweg,Spandau,46.3,38.0,82.5,166.8
Blankenburg,Pankow,90.8,73.2,2.8,166.8
Amtsgerichtsplatz,Charlottenburg-Wilmersdorf,67.3,67.5,31.7,166.5
Rosenthal,Pankow,86.3,66.8,12.9,166.0
Belßstraße,Steglitz-Zehlendorf,58.5,43.9,63.1,165.5
Wrangelkiez,Friedrichshain-Kreuzberg,33.2,51.5,80.6,165.3
Spiekermann Straße,Pankow,75.3,58.7,31.0,165.0
Oberfeldstraße,Marzahn-Hellersdorf,92.6,70.1,1.3,164.0
Bergstraße,Steglitz-Zehlendorf,66.8,56.8,40.0,163.6
Storkower Bogen,Lichtenberg,62.0,53.3,48.3,163.6
Wittenau Süd,Reinickendorf,72.9,31.5,58.7,163.1
Hausotterplatz,Reinickendorf,50.4,30.4,81.9,162.7
Rodenbergstraße,Pankow,64.8,77.9,19.2,161.9
Stülerstraße,Mitte,45.2,74.0,41.5,160.7
Nordbahnhof,Mitte,64.2,80.8,15.1,160.1
Teichstraße,Reinickendorf,51.5,35.1,73.2,159.8
Im Spektefeld,Spandau,21.6,51.1,86.3,159.0
Helmholtz-Kiez,Treptow-Köpenick,29.0,61.6,68.3,158.9
Droysenstraße,Charlottenburg-Wilmersdorf,54.4,54.4,49.4,158.2
Nöldnerplatz,Lichtenberg,62.4,49.6,45.9,157.9
Hellersdorfer Promenade,Marzahn-Hellersdorf,28.0,40.4,89.3,157.7
Karlshorst West,Lichtenberg,79.0,62.4,15.9,157.3
Revaler Straße,Friedrichshain-Kreuzberg,66.2,61.1,29.9,157.2
Niederbarnimstraße,Friedrichshain-Kreuzberg,58.1,46.3,52.0,156.4
Volkspark (Rudolph-Wilde-Park),Tempelhof-Schöneberg,43.9,49.3,62.9,156.1
Landsberger Allee,Lichtenberg,50.7,44.3,61.1,156.1
Fennpfuhl Ost,Lichtenberg,35.4,50.4,70.3,156.1
Bremer Straße,Mitte,37.6,41.3,76.9,155.8
Schloßstraße,Steglitz-Zehlendorf,69.0,60.1,25.8,154.9
Golliner Straße,Marzahn-Hellersdorf,26.8,47.6,79.9,154.3
Karl-Marx-Allee,Mitte,52.4,48.0,53.9,154.3
Zingster Straße West,Lichtenberg,27.7,40.6,85.4,153.7
Alt-Lietzow,Charlottenburg-Wilmersdorf,41.0,51.8,60.0,152.8
Falkenberg,Treptow-Köpenick,79.2,58.3,14.9,152.4
Schütte-Lanz-Straße,Steglitz-Zehlendorf,76.9,48.9,26.4,152.2
Weitlingkiez,Lichtenberg,67.5,38.4,45.8,151.7
Nonnendammallee,Spandau,28.8,50.7,72.1,151.6
Gropiusstadt Süd-Ost,Neukölln,32.1,27.1,92.4,151.6
Weichselplatz,Neukölln,30.3,43.2,77.9,151.4
An der Tränke,Spandau,81.9,62.2,7.0,151.1
Heine-Viertel Ost,Mitte,51.7,79.7,19.7,151.1
Markelstraße,Steglitz-Zehlendorf,60.0,70.5,20.5,151.0
Invalidenstraße,Mitte,62.9,72.7,15.3,150.9
Tirschenreuther Ring Ost,Tempelhof-Schöneberg,39.9,35.6,74.4,149.9
Herthaplatz,Pankow,83.2,41.1,25.3,149.6
Lankwitz Süd,Steglitz-Zehlendorf,83.9,45.4,20.3,149.6
Gropiusstadt Nord-West,Neukölln,29.9,30.3,89.1,149.3
Gallwitzallee,Steglitz-Zehlendorf,53.0,32.5,63.3,148.8
Nibelungenviertel,Lichtenberg,60.7,47.2,40.8,148.7
Werkstraße,Spandau,79.9,50.9,17.2,148.0
Handwerker-Siedlung,Neukölln,59.0,28.6,60.3,147.9
Springpfuhl,Marzahn-Hellersdorf,36.7,43.4,67.2,147.3
Richard-Sorge-Viertel,Friedrichshain-Kreuzberg,54.6,59.0,33.4,147.0
Treuenbrietzener Straße,Reinickendorf,22.1,29.2,95.6,146.9
Zitadellenweg,Spandau,33.0,61.3,51.7,146.0
Siemensdamm,Spandau,47.6,28.8,69.6,146.0
Perelsplatz,Tempelhof-Schöneberg,68.5,58.9,18.5,145.9
Wilhelmstadt Ost,Spandau,28.6,41.5,75.5,145.6
Kirchstraße,Tempelhof-Schöneberg,83.8,45.6,16.1,145.5
Bayerischer Platz,Tempelhof-Schöneberg,55.4,52.6,37.5,145.5
Bahnhof Schöneweide,Treptow-Köpenick,37.3,57.7,48.9,143.9
Gartenfeld,Spandau,15.5,58.5,69.0,143.0
Lübars,Reinickendorf,70.5,63.5,8.7,142.7
Kaiser-Wilhelm-Straße,Steglitz-Zehlendorf,62.5,27.3,52.8,142.6
Dörfer Malchow-Wartenberg,Lichtenberg,74.5,64.6,3.5,142.6
Bürgerpark,Marzahn-Hellersdorf,30.1,45.9,66.6,142.6
Sredzkistraße,Pankow,64.9,60.3,17.0,142.2
Prinzenstraße,Friedrichshain-Kreuzberg,26.2,18.3,96.9,141.4
Haveleck,Spandau,18.8,72.5,50.0,141.3
Arnimplatz,Pankow,43.4,64.9,32.7,141.0
Wismarplatz,Friedrichshain-Kreuzberg,45.8,42.8,52.2,140.8
Bosepark,Tempelhof-Schöneberg,42.6,40.0,57.6,140.2
Nikolsburger Platz,Charlottenburg-Wilmersdorf,52.2,56.1,31.9,140.2
Großgörschenstraße,Tempelhof-Schöneberg,17.9,31.0,91.1,140.0
Hundsteinweg,Tempelhof-Schöneberg,53.9,36.9,48.0,138.8
Zillesiedlung,Mitte,21.2,18.6,98.9,138.7
Volkspark Prenzlauer Berg,Pankow,30.6,25.6,82.1,138.3
Garbátyplatz,Pankow,61.4,49.4,27.3,138.1
Breite Straße,Charlottenburg-Wilmersdorf,65.9,46.9,24.7,137.5
Boxhagener Platz,Friedrichshain-Kreuzberg,50.0,57.0,29.0,136.0
Gensinger Straße,Lichtenberg,24.0,40.8,70.7,135.5
Feuerbachstraße,Steglitz-Zehlendorf,55.0,43.7,36.5,135.2
Wassertorplatz,Friedrichshain-Kreuzberg,11.8,23.6,99.3,134.7
Mühlengrund,Lichtenberg,32.3,41.0,61.3,134.6
Lankwitz Kirche,Steglitz-Zehlendorf,49.1,26.2,59.0,134.3
Graefekiez Nord,Friedrichshain-Kreuzberg,25.6,32.1,76.6,134.3
Oberspree,Treptow-Köpenick,62.7,42.3,29.2,134.2
Allende I,Treptow-Köpenick,31.2,55.7,47.2,134.1
Buckower Ring,Marzahn-Hellersdorf,40.2,24.7,68.8,133.7
Thälmannpark,Pankow,22.5,38.6,72.5,133.6
Schweizer Viertel,Steglitz-Zehlendorf,79.5,43.5,10.1,133.1
Hindemithplatz,Charlottenburg-Wilmersdorf,46.5,48.7,37.8,133.0
Humannplatz,Pankow,57.9,55.2,19.4,132.5
Heine-Viertel West,Mitte,55.7,53.5,23.2,132.4
Falkenberg Ost,Lichtenberg,17.7,30.8,83.9,132.4
Bahnhofstraße,Treptow-Köpenick,36.3,67.7,28.2,132.2
Paul-Hertz-Siedlung,Charlottenburg-Wilmersdorf,19.0,22.3,89.9,131.2
Körnerpark,Neukölln,15.9,18.5,96.7,131.1
Thomasiusstraße,Mitte,35.6,50.6,44.1,130.3
Andreasviertel,Friedrichshain-Kreuzberg,35.2,35.2,59.8,130.2
Ludwigkirchplatz,Charlottenburg-Wilmersdorf,47.2,46.1,36.0,129.3
Glasgower Straße,Mitte,22.0,26.0,81.2,129.2
Schleipfuhl,Marzahn-Hellersdorf,23.1,35.4,70.5,129.0
Graetschelsteig,Spandau,20.7,33.0,74.9,128.6
Oberhofer Platz,Steglitz-Zehlendorf,79.3,34.9,14.4,128.6
Stralauer Halbinsel,Friedrichshain-Kreuzberg,22.9,94.8,10.7,128.4
Chamissokiez,Friedrichshain-Kreuzberg,20.5,44.8,62.7,128.0
Silbersteinstraße,Neukölln,14.4,17.3,96.3,128.0
Prager Platz,Charlottenburg-Wilmersdorf,52.0,36.3,39.1,127.4
Tiroler Viertel,Pankow,52.6,43.0,31.4,127.0
Babelsberger Straße,Charlottenburg-Wilmersdorf,35.1,33.8,58.1,127.0
Reichenberger Straße Ost,Friedrichshain-Kreuzberg,14.9,29.5,82.3,126.7
Plänterwald West,Treptow-Köpenick,57.7,44.6,24.4,126.7
Pillnitzer Weg,Spandau,18.5,17.5,90.0,126.0
Märkisches Zentrum,Reinickendorf,15.1,25.1,85.6,125.8
Eisenacher Straße,Tempelhof-Schöneberg,28.4,27.7,69.7,125.8
Zehlendorf Eiche,Steglitz-Zehlendorf,75.5,33.4,16.6,125.5
Forckenbeckstraße,Charlottenburg-Wilmersdorf,50.9,52.8,21.2,124.9
Florakiez,Pankow,48.3,49.1,27.5,124.9
Rudolf-Wissell-Großsiedlung,Spandau,12.2,21.6,91.0,124.8
Dannenwalder Weg,Reinickendorf,18.1,15.5,90.8,124.4
Trelleborger Viertel,Pankow,54.1,39.1,31.2,124.4
Stephankiez,Mitte,22.7,22.1,79.5,124.3
Am Forstacker,Spandau,26.0,27.5,70.8,124.3
Arkonaplatz,Mitte,55.2,55.9,13.1,124.2
Marienhöhe,Tempelhof-Schöneberg,28.2,34.5,61.4,124.1
Urbanstraße,Friedrichshain-Kreuzberg,23.6,33.2,67.0,123.8
Sundgauer Straße,Steglitz-Zehlendorf,65.5,33.9,24.0,123.4
Breitkopfbecken,Reinickendorf,22.3,17.9,83.2,123.4
Erieseering,Lichtenberg,34.9,26.6,61.8,123.3
Teterower Ring,Marzahn-Hellersdorf,30.8,45.8,46.5,123.1
Michelangelostraße,Pankow,26.6,30.1,65.1,121.8
Schillerpromenade Nord,Neukölln,11.3,20.8,89.7,121.8
Hildegardstraße,Charlottenburg-Wilmersdorf,43.5,54.6,23.6,121.7
Lindenhofsiedlung,Tempelhof-Schöneberg,23.8,32.3,64.9,121.0
Karlshorst Nord,Lichtenberg,61.6,47.8,11.4,120.8
Hufeisensiedlung,Neukölln,36.0,19.9,64.8,120.7
Alt-Lankwitz,Steglitz-Zehlendorf,41.5,27.9,50.6,120.0
Lichterfelde Süd,Steglitz-Zehlendorf,38.6,30.6,50.7,119.9
Gleisdreieck,Friedrichshain-Kreuzberg,38.0,67.9,13.5,119.4
Zachertstraße,Lichtenberg,44.8,29.0,45.6,119.4
Viktoriapark,Friedrichshain-Kreuzberg,25.5,37.3,56.3,119.1
Pastor-Niemöller-Platz,Pankow,59.6,41.7,17.5,118.8
Anton-Saefkow-Park,Pankow,38.7,36.7,43.0,118.4
Soldiner Straße,Mitte,11.6,12.0,94.3,117.9
Schlossgarten,Charlottenburg-Wilmersdorf,12.4,16.8,88.7,117.9
Halensee,Charlottenburg-Wilmersdorf,40.0,42.4,35.1,117.5
Odenwaldstraße,Tempelhof-Schöneberg,54.8,44.5,18.1,117.4
Barstraße,Charlottenburg-Wilmersdorf,27.1,34.1,55.9,117.1
Kissingenviertel,Pankow,46.9,39.5,30.6,117.0
Wartheplatz,Neukölln,7.9,12.9,96.1,116.9
Tirschenreuther Ring West,Tempelhof-Schöneberg,19.7,22.5,74.2,116.4
Gropiusstadt Mitte,Neukölln,9.8,12.4,92.6,114.8
Bühringstraße,Pankow,40.4,22.0,52.4,114.8
Karower Chaussee,Pankow,20.3,18.8,75.1,114.2
Rathaus Lichtenberg,Lichtenberg,36.5,36.5,41.1,114.1
Ceciliengärten,Tempelhof-Schöneberg,43.0,45.2,25.5,113.7
Rudolf-Seiffert-Park,Lichtenberg,31.0,33.6,48.5,113.1
Zingster Straße Ost,Lichtenberg,14.6,19.7,78.6,112.9
Goerzwerke,Steglitz-Zehlendorf,32.5,64.0,16.2,112.7
Preußenpark,Charlottenburg-Wilmersdorf,41.7,38.2,32.1,112.0
Gropiusstadt Süd-West,Neukölln,18.6,17.2,76.0,111.8
Herzbergstraße,Lichtenberg,44.3,25.8,41.3,111.4
Tegel Süd,Reinickendorf,13.7,13.1,84.5,111.3
Humboldthain Süd,Mitte,19.2,14.9,76.8,110.9
Elberfelder Straße,Mitte,24.2,48.5,38.2,110.9
Humboldtstraße,Reinickendorf,25.8,22.7,62.4,110.9
Tiefwerder,Spandau,7.7,13.7,88.9,110.3
Hasenheide,Neukölln,3.3,6.8,100.0,110.1
Kollwitzplatz,Pankow,57.0,36.0,16.8,109.8
Kameruner Straße,Mitte,12.0,15.9,81.7,109.6
Zehlendorf Süd,Steglitz-Zehlendorf,21.8,31.2,55.2,108.2
Böhlener Straße,Marzahn-Hellersdorf,7.6,14.0,86.2,107.8
Schaperstraße,Charlottenburg-Wilmersdorf,38.9,28.2,40.2,107.3
Thermometersiedlung,Steglitz-Zehlendorf,17.2,21.8,67.5,106.5
Franziusweg,Tempelhof-Schöneberg,73.2,16.6,16.4,106.2
Schillerpark,Mitte,13.5,11.3,81.4,106.2
Binger Straße,Charlottenburg-Wilmersdorf,39.5,31.4,34.7,105.6
Barbarossaplatz,Tempelhof-Schöneberg,29.3,24.5,51.5,105.3
Volkradstraße,Lichtenberg,27.5,14.6,62.0,104.1
Biesdorf Süd,Marzahn-Hellersdorf,65.1,37.5,1.1,103.7
Kladower Damm,Spandau,19.9,80.6,3.1,103.6
Wittenau Mitte,Reinickendorf,33.6,10.9,58.9,103.4
Karlshorst Süd,Lichtenberg,58.3,39.3,5.2,102.8
Schäfersee,Reinickendorf,14.0,18.1,68.5,100.6
Jungfernheide/Plötzensee,Charlottenburg-Wilmersdorf,10.9,9.8,79.7,100.4
Flinsberger Platz,Charlottenburg-Wilmersdorf,41.3,26.4,32.5,100.2
Bismarckstraße,Steglitz-Zehlendorf,27.3,36.2,36.2,99.7
Wolfshagener Straße,Pankow,32.7,38.7,26.8,98.2
Afrikanische Straße,Mitte,8.1,8.3,81.5,97.9
Weberwiese,Friedrichshain-Kreuzberg,41.1,26.8,29.3,97.2
Augustaplatz,Steglitz-Zehlendorf,52.8,23.8,19.9,96.5
Fürstenplatz,Charlottenburg-Wilmersdorf,44.6,29.3,22.1,96.0
Landsberger Tor,Marzahn-Hellersdorf,21.0,32.8,42.1,95.9
Güterbahnhof Köpenick,Treptow-Köpenick,30.4,37.6,27.9,95.9
Berlepschstraße,Steglitz-Zehlendorf,51.3,28.0,15.5,94.8
Friedenstraße,Friedrichshain-Kreuzberg,23.4,23.4,47.8,94.6
Ahrensfelder Berge,Marzahn-Hellersdorf,6.1,14.8,72.7,93.6
Friedrichshagener Straße,Treptow-Köpenick,18.3,46.5,28.0,92.8
Südende,Steglitz-Zehlendorf,31.7,25.3,35.8,92.8
Lietzensee,Charlottenburg-Wilmersdorf,16.6,31.7,43.7,92.0
Fennpfuhlpark,Lichtenberg,11.1,31.9,48.7,91.7
Klinikum Buch,Pankow,10.1,8.1,73.1,91.3
Landweg,Steglitz-Zehlendorf,10.0,13.5,67.3,90.8
Mittelstraße,Steglitz-Zehlendorf,31.4,19.4,39.7,90.5
Branitzer Platz,Charlottenburg-Wilmersdorf,27.9,34.3,27.7,89.9
Parchimer Allee Süd,Neukölln,15.7,9.6,64.6,89.9
Kaulsdorf Süd,Marzahn-Hellersdorf,49.6,35.8,4.4,89.8
Britzer Garten,Neukölln,17.3,21.2,50.2,88.7
Griesingerstraße,Spandau,4.8,4.4,78.4,87.6
Dolgenseestraße,Lichtenberg,14.2,11.8,61.6,87.6
Horstwalder Straße,Tempelhof-Schöneberg,38.4,15.1,33.8,87.3
Rüdesheimer Platz,Charlottenburg-Wilmersdorf,42.4,23.2,21.6,87.2
Ziekowstraße/Freie Scholle,Reinickendorf,31.9,15.7,39.5,87.1
Spindlersfeld,Treptow-Köpenick,24.5,21.4,40.4,86.3
Baumschulenweg Ost,Treptow-Köpenick,19.6,24.0,41.9,85.5
Wittenau Nord,Reinickendorf,36.9,19.2,28.6,84.7
Baumschulenweg West,Treptow-Köpenick,19.4,23.1,41.7,84.2
Amorbacher Weg,Spandau,16.8,12.2,54.6,83.6
Bucher Forst,Pankow,15.3,10.7,57.2,83.2
Rohrdamm,Spandau,6.6,6.1,69.4,82.1
Hansaviertel,Mitte,17.0,19.6,44.8,81.4
Thielallee,Steglitz-Zehlendorf,44.5,32.7,2.4,79.6
Taunusstraße,Tempelhof-Schöneberg,36.2,24.9,18.3,79.4
Lichterfelde West,Steglitz-Zehlendorf,50.2,20.1,7.9,78.2
Tierpark,Lichtenberg,5.7,5.7,66.1,77.5
Königsberger Straße,Steglitz-Zehlendorf,26.9,20.7,29.7,77.3
Barnimkiez,Friedrichshain-Kreuzberg,5.9,10.1,60.7,76.7
Neu Westend,Charlottenburg-Wilmersdorf,29.7,24.2,22.3,76.2
Wilhelmsaue,Charlottenburg-Wilmersdorf,25.1,22.9,26.6,74.6
Hansastraße,Pankow,11.4,9.0,53.7,74.1
Wuhlheide,Treptow-Köpenick,3.1,4.8,64.2,72.1
Alt-Treptow,Treptow-Köpenick,10.3,9.2,50.4,69.9
Dörpfeldstraße Ost,Treptow-Köpenick,13.1,8.9,47.0,69.0
Wittelsbacherstraße,Tempelhof-Schöneberg,48.0,10.0,9.8,67.8
Immanuelkirchstraße,Pankow,16.1,29.9,20.7,66.7
Alt-Biesdorf,Marzahn-Hellersdorf,31.5,25.5,9.6,66.6
Blankenfelde,Pankow,29.2,28.4,8.9,66.5
Preußen Siedlung,Treptow-Köpenick,33.4,21.0,11.3,65.7
Hermsdorf Ost/Waldsee,Reinickendorf,34.5,20.5,10.5,65.5
Zehlendorf Mitte,Steglitz-Zehlendorf,24.4,16.4,24.2,65.0
Schlosspark,Pankow,20.8,16.2,27.1,64.1
Weißer See,Pankow,13.3,20.3,29.5,63.1
Alt-Tegel,Reinickendorf,16.4,12.7,33.9,63.0
Plänterwald Ost,Treptow-Köpenick,5.5,2.8,53.1,61.4
Orankesee,Lichtenberg,29.5,24.4,7.4,61.3
Komponistenviertel Lankwitz,Steglitz-Zehlendorf,23.2,16.1,21.4,60.7
Munsterdamm,Steglitz-Zehlendorf,7.4,10.5,42.3,60.2
Hindenburgdamm,Steglitz-Zehlendorf,9.6,14.2,36.3,60.1
Stadtpark,Steglitz-Zehlendorf,8.9,11.6,38.9,59.4
Teltower Damm,Steglitz-Zehlendorf,35.8,11.4,11.6,58.8
Botanischer Garten,Steglitz-Zehlendorf,21.4,17.7,19.0,58.1
Bismarckallee,Charlottenburg-Wilmersdorf,14.8,13.3,28.8,56.9
Alt-Heiligensee,Reinickendorf,20.1,26.9,9.2,56.2
Hakenfelde Nord,Spandau,2.2,0.9,51.1,54.2
Jägerallee,Spandau,32.8,19.0,2.0,53.8
Parkstraße,Pankow,12.7,11.1,26.9,50.7
Komponistenviertel Weißensee,Pankow,9.2,5.9,35.6,50.7
Fichtenberg,Steglitz-Zehlendorf,24.9,15.3,10.0,50.2
Hirschgarten,Treptow-Köpenick,7.2,10.3,31.5,49.0
Kietzer Feld/Nachtheide,Treptow-Köpenick,1.3,4.1,43.5,48.9
Johannisthal West,Treptow-Köpenick,6.8,7.9,33.6,48.3
Angerburger Allee,Charlottenburg-Wilmersdorf,4.4,4.2,37.6,46.2
Dahlem,Steglitz-Zehlendorf,25.3,14.4,5.0,44.7
Waldidyll/Flughafensee,Reinickendorf,3.7,3.3,34.5,41.5
Düppel,Steglitz-Zehlendorf,3.5,2.2,35.2,40.9
Wendenschloß,Treptow-Köpenick,9.4,29.7,1.8,40.9
Kafkastraße,Spandau,24.7,13.8,2.2,40.7
Fischerhüttenstraße,Steglitz-Zehlendorf,17.5,9.4,12.5,39.4
Börnicker Straße,Spandau,6.5,17.0,13.3,36.8
Kranzallee,Charlottenburg-Wilmersdorf,5.0,5.4,26.2,36.6
Waidmannslust,Reinickendorf,8.7,5.2,21.8,35.7
Hagenplatz,Charlottenburg-Wilmersdorf,12.9,8.7,12.4,34.0
Siedlung Kämmereiheide,Treptow-Köpenick,4.1,3.9,24.5,32.5
Hermsdorf West,Reinickendorf,13.8,6.5,10.3,30.6
Fischtal,Steglitz-Zehlendorf,10.7,7.6,12.2,30.5
Frohnau West,Reinickendorf,16.2,8.5,5.7,30.4
Döberitzer Weg,Spandau,10.5,7.7,11.1,29.3
Konradshöhe/Tegelort,Reinickendorf,12.5,12.5,4.2,29.2
Alt-Gatow,Spandau,8.3,6.6,12.7,27.6
Dammheide,Treptow-Köpenick,5.4,4.6,14.6,24.6
Schönholz,Pankow,8.5,7.2,8.5,24.2
Allende II,Treptow-Köpenick,0.2,1.5,21.0,22.7
Flatowallee,Charlottenburg-Wilmersdorf,7.0,7.4,6.1,20.5
Mittelheide,Treptow-Köpenick,3.0,1.8,14.8,19.6
Hundekehle,Charlottenburg-Wilmersdorf,1.1,0.4,17.7,19.2
Grünau,Treptow-Köpenick,2.6,2.6,13.7,18.9
Alt-Friedrichshagen,Treptow-Köpenick,2.0,2.4,14.0,18.4
Messelpark,Charlottenburg-Wilmersdorf,9.0,6.3,0.9,16.2
Großer Tiergarten,Mitte,5.2,5.0,5.4,15.6
Heiligensee Nord,Reinickendorf,3.9,2.0,9.0,14.9
Olympiagelände,Charlottenburg-Wilmersdorf,6.3,7.0,0.6,13.9
Rahnsdorf,Treptow-Köpenick,1.8,1.7,8.3,11.8
Nikolassee,Steglitz-Zehlendorf,1.5,3.1,7.2,11.8
Frohnau Ost,Reinickendorf,4.6,1.3,5.5,11.4
Wannsee,Steglitz-Zehlendorf,0.9,3.7,6.6,11.2
Schmöckwitz/Rauchfangswerder,Treptow-Köpenick,0.4,3.5,6.8,10.7
Heiligensee,Reinickendorf,0.7,0.2,9.4,10.3
Karolinenhof,Treptow-Köpenick,4.2,5.5,0.4,10.1
Müggelheim,Treptow-Köpenick,2.4,3.0,3.9,9.3
Hüttenweg,Steglitz-Zehlendorf,2.8,0.6,3.3,6.7
Krumme Lanke,Steglitz-Zehlendorf,1.7,0.7,2.6,5.0
Eichkamp,Charlottenburg-Wilmersdorf,0.6,1.1,0.7,2.4
